001_20260623T080018_line575.patch	2026-06-23T08:00:18.101000+00:00	rollout-2026-06-22T23-42-17-019ef148-ad78-7a02-b0cd-7e8d0e3b07ac.jsonl:575	evaluate.py
002_20260622T215450_line238.patch	2026-06-22T21:54:50.154000+00:00	rollout-2026-06-22T23-42-17-019ef148-ad78-7a02-b0cd-7e8d0e3b07ac.jsonl:238	biomechanics_env.py
003_20260622T215424_line217.patch	2026-06-22T21:54:24.455000+00:00	rollout-2026-06-22T23-42-17-019ef148-ad78-7a02-b0cd-7e8d0e3b07ac.jsonl:217	train.py
004_20260622T215415_line210.patch	2026-06-22T21:54:15.360000+00:00	rollout-2026-06-22T23-42-17-019ef148-ad78-7a02-b0cd-7e8d0e3b07ac.jsonl:210	train.py
005_20260622T215356_line203.patch	2026-06-22T21:53:56.104000+00:00	rollout-2026-06-22T23-42-17-019ef148-ad78-7a02-b0cd-7e8d0e3b07ac.jsonl:203	biomechanics_env.py
006_20260622T215348_line198.patch	2026-06-22T21:53:48.990000+00:00	rollout-2026-06-22T23-42-17-019ef148-ad78-7a02-b0cd-7e8d0e3b07ac.jsonl:198	biomechanics_env.py
007_20260622T215322_line181.patch	2026-06-22T21:53:22.280000+00:00	rollout-2026-06-22T23-42-17-019ef148-ad78-7a02-b0cd-7e8d0e3b07ac.jsonl:181	biomechanics_env.py
008_20260622T215306_line176.patch	2026-06-22T21:53:06.605000+00:00	rollout-2026-06-22T23-42-17-019ef148-ad78-7a02-b0cd-7e8d0e3b07ac.jsonl:176	biomechanics_env.py
009_20260622T215257_line171.patch	2026-06-22T21:52:57.831000+00:00	rollout-2026-06-22T23-42-17-019ef148-ad78-7a02-b0cd-7e8d0e3b07ac.jsonl:171	biomechanics_env.py
010_20260622T215244_line166.patch	2026-06-22T21:52:44.865000+00:00	rollout-2026-06-22T23-42-17-019ef148-ad78-7a02-b0cd-7e8d0e3b07ac.jsonl:166	biomechanics_env.py
011_20260622T214050_line2980.patch	2026-06-22T21:40:50.174000+00:00	rollout-2026-06-20T22-35-02-019ee6be-6482-73e1-8c8d-2e01d594219c.jsonl:2980	biomechanics_env.py
012_20260622T214012_line2956.patch	2026-06-22T21:40:12.161000+00:00	rollout-2026-06-20T22-35-02-019ee6be-6482-73e1-8c8d-2e01d594219c.jsonl:2956	biomechanics_env.py
013_20260622T193208_line2866.patch	2026-06-22T19:32:08.409000+00:00	rollout-2026-06-20T22-35-02-019ee6be-6482-73e1-8c8d-2e01d594219c.jsonl:2866	train.py
014_20260622T160850_line2803.patch	2026-06-22T16:08:50.024000+00:00	rollout-2026-06-20T22-35-02-019ee6be-6482-73e1-8c8d-2e01d594219c.jsonl:2803	train.py
015_20260622T160844_line2796.patch	2026-06-22T16:08:44.797000+00:00	rollout-2026-06-20T22-35-02-019ee6be-6482-73e1-8c8d-2e01d594219c.jsonl:2796	train.py
016_20260622T160838_line2790.patch	2026-06-22T16:08:38.333000+00:00	rollout-2026-06-20T22-35-02-019ee6be-6482-73e1-8c8d-2e01d594219c.jsonl:2790	biomechanics_env.py
017_20260622T160820_line2776.patch	2026-06-22T16:08:20.701000+00:00	rollout-2026-06-20T22-35-02-019ee6be-6482-73e1-8c8d-2e01d594219c.jsonl:2776	biomechanics_env.py
018_20260622T140230_line2698.patch	2026-06-22T14:02:30.151000+00:00	rollout-2026-06-20T22-35-02-019ee6be-6482-73e1-8c8d-2e01d594219c.jsonl:2698	biomechanics_model.py
019_20260622T134632_line2570.patch	2026-06-22T13:46:32.210000+00:00	rollout-2026-06-20T22-35-02-019ee6be-6482-73e1-8c8d-2e01d594219c.jsonl:2570	train.py
020_20260622T134614_line2563.patch	2026-06-22T13:46:14.774000+00:00	rollout-2026-06-20T22-35-02-019ee6be-6482-73e1-8c8d-2e01d594219c.jsonl:2563	train.py
021_20260622T134606_line2557.patch	2026-06-22T13:46:06.809000+00:00	rollout-2026-06-20T22-35-02-019ee6be-6482-73e1-8c8d-2e01d594219c.jsonl:2557	biomechanics_env.py
022_20260622T121505_line2503.patch	2026-06-22T12:15:05.599000+00:00	rollout-2026-06-20T22-35-02-019ee6be-6482-73e1-8c8d-2e01d594219c.jsonl:2503	train.py
023_20260622T121457_line2497.patch	2026-06-22T12:14:57.352000+00:00	rollout-2026-06-20T22-35-02-019ee6be-6482-73e1-8c8d-2e01d594219c.jsonl:2497	train.py
024_20260622T121435_line2493.patch	2026-06-22T12:14:35.513000+00:00	rollout-2026-06-20T22-35-02-019ee6be-6482-73e1-8c8d-2e01d594219c.jsonl:2493	config.py
025_20260622T100729_line2390.patch	2026-06-22T10:07:29.332000+00:00	rollout-2026-06-20T22-35-02-019ee6be-6482-73e1-8c8d-2e01d594219c.jsonl:2390	train.py
026_20260622T100721_line2385.patch	2026-06-22T10:07:21.550000+00:00	rollout-2026-06-20T22-35-02-019ee6be-6482-73e1-8c8d-2e01d594219c.jsonl:2385	train.py
027_20260622T100645_line2381.patch	2026-06-22T10:06:45.447000+00:00	rollout-2026-06-20T22-35-02-019ee6be-6482-73e1-8c8d-2e01d594219c.jsonl:2381	config.py
028_20260622T100626_line2374.patch	2026-06-22T10:06:26.895000+00:00	rollout-2026-06-20T22-35-02-019ee6be-6482-73e1-8c8d-2e01d594219c.jsonl:2374	biomechanics_env.py
029_20260622T095046_line2213.patch	2026-06-22T09:50:46.737000+00:00	rollout-2026-06-20T22-35-02-019ee6be-6482-73e1-8c8d-2e01d594219c.jsonl:2213	biomechanics_env.py
030_20260622T095033_line2207.patch	2026-06-22T09:50:33.537000+00:00	rollout-2026-06-20T22-35-02-019ee6be-6482-73e1-8c8d-2e01d594219c.jsonl:2207	biomechanics_env.py
031_20260621T222028_line2074.patch	2026-06-21T22:20:28.580000+00:00	rollout-2026-06-20T22-35-02-019ee6be-6482-73e1-8c8d-2e01d594219c.jsonl:2074	train.py
032_20260621T222022_line2069.patch	2026-06-21T22:20:22.224000+00:00	rollout-2026-06-20T22-35-02-019ee6be-6482-73e1-8c8d-2e01d594219c.jsonl:2069	biomechanics_env.py
033_20260621T222003_line2062.patch	2026-06-21T22:20:03.989000+00:00	rollout-2026-06-20T22-35-02-019ee6be-6482-73e1-8c8d-2e01d594219c.jsonl:2062	biomechanics_env.py
034_20260621T221959_line2057.patch	2026-06-21T22:19:59.863000+00:00	rollout-2026-06-20T22-35-02-019ee6be-6482-73e1-8c8d-2e01d594219c.jsonl:2057	biomechanics_env.py
035_20260621T221953_line2052.patch	2026-06-21T22:19:53.736000+00:00	rollout-2026-06-20T22-35-02-019ee6be-6482-73e1-8c8d-2e01d594219c.jsonl:2052	biomechanics_env.py
036_20260621T221941_line2045.patch	2026-06-21T22:19:41.919000+00:00	rollout-2026-06-20T22-35-02-019ee6be-6482-73e1-8c8d-2e01d594219c.jsonl:2045	biomechanics_env.py
037_20260621T221933_line2040.patch	2026-06-21T22:19:33.834000+00:00	rollout-2026-06-20T22-35-02-019ee6be-6482-73e1-8c8d-2e01d594219c.jsonl:2040	biomechanics_env.py
038_20260621T221925_line2033.patch	2026-06-21T22:19:25.194000+00:00	rollout-2026-06-20T22-35-02-019ee6be-6482-73e1-8c8d-2e01d594219c.jsonl:2033	biomechanics_env.py
039_20260621T221914_line2026.patch	2026-06-21T22:19:14.592000+00:00	rollout-2026-06-20T22-35-02-019ee6be-6482-73e1-8c8d-2e01d594219c.jsonl:2026	biomechanics_env.py
040_20260621T221906_line2019.patch	2026-06-21T22:19:06.586000+00:00	rollout-2026-06-20T22-35-02-019ee6be-6482-73e1-8c8d-2e01d594219c.jsonl:2019	biomechanics_model.py
041_20260621T221900_line2014.patch	2026-06-21T22:19:00.095000+00:00	rollout-2026-06-20T22-35-02-019ee6be-6482-73e1-8c8d-2e01d594219c.jsonl:2014	biomechanics_model.py
042_20260621T221841_line2008.patch	2026-06-21T22:18:41.422000+00:00	rollout-2026-06-20T22-35-02-019ee6be-6482-73e1-8c8d-2e01d594219c.jsonl:2008	biomechanics_model.py
043_20260621T215750_line1780.patch	2026-06-21T21:57:50.486000+00:00	rollout-2026-06-20T22-35-02-019ee6be-6482-73e1-8c8d-2e01d594219c.jsonl:1780	biomechanics_env.py
044_20260621T215721_line1763.patch	2026-06-21T21:57:21.742000+00:00	rollout-2026-06-20T22-35-02-019ee6be-6482-73e1-8c8d-2e01d594219c.jsonl:1763	train.py
045_20260621T215705_line1756.patch	2026-06-21T21:57:05.770000+00:00	rollout-2026-06-20T22-35-02-019ee6be-6482-73e1-8c8d-2e01d594219c.jsonl:1756	biomechanics_env.py
046_20260621T215642_line1749.patch	2026-06-21T21:56:42.726000+00:00	rollout-2026-06-20T22-35-02-019ee6be-6482-73e1-8c8d-2e01d594219c.jsonl:1749	biomechanics_env.py
047_20260621T215637_line1744.patch	2026-06-21T21:56:37.507000+00:00	rollout-2026-06-20T22-35-02-019ee6be-6482-73e1-8c8d-2e01d594219c.jsonl:1744	biomechanics_env.py
048_20260621T215631_line1737.patch	2026-06-21T21:56:31.382000+00:00	rollout-2026-06-20T22-35-02-019ee6be-6482-73e1-8c8d-2e01d594219c.jsonl:1737	biomechanics_env.py
049_20260621T215613_line1730.patch	2026-06-21T21:56:13.084000+00:00	rollout-2026-06-20T22-35-02-019ee6be-6482-73e1-8c8d-2e01d594219c.jsonl:1730	biomechanics_env.py
050_20260621T215607_line1724.patch	2026-06-21T21:56:07.632000+00:00	rollout-2026-06-20T22-35-02-019ee6be-6482-73e1-8c8d-2e01d594219c.jsonl:1724	biomechanics_env.py
051_20260621T201506_line1477.patch	2026-06-21T20:15:06.327000+00:00	rollout-2026-06-20T22-35-02-019ee6be-6482-73e1-8c8d-2e01d594219c.jsonl:1477	train.py
052_20260621T201448_line1465.patch	2026-06-21T20:14:48.579000+00:00	rollout-2026-06-20T22-35-02-019ee6be-6482-73e1-8c8d-2e01d594219c.jsonl:1465	biomechanics_env.py
053_20260621T201429_line1453.patch	2026-06-21T20:14:29.386000+00:00	rollout-2026-06-20T22-35-02-019ee6be-6482-73e1-8c8d-2e01d594219c.jsonl:1453	biomechanics_env.py
054_20260621T201409_line1446.patch	2026-06-21T20:14:09.756000+00:00	rollout-2026-06-20T22-35-02-019ee6be-6482-73e1-8c8d-2e01d594219c.jsonl:1446	biomechanics_env.py
055_20260621T201400_line1439.patch	2026-06-21T20:14:00.408000+00:00	rollout-2026-06-20T22-35-02-019ee6be-6482-73e1-8c8d-2e01d594219c.jsonl:1439	biomechanics_env.py
056_20260621T201345_line1432.patch	2026-06-21T20:13:45.951000+00:00	rollout-2026-06-20T22-35-02-019ee6be-6482-73e1-8c8d-2e01d594219c.jsonl:1432	biomechanics_env.py
057_20260621T201338_line1426.patch	2026-06-21T20:13:38.466000+00:00	rollout-2026-06-20T22-35-02-019ee6be-6482-73e1-8c8d-2e01d594219c.jsonl:1426	biomechanics_env.py
058_20260621T192710_line169.patch	2026-06-21T19:27:10.290000+00:00	rollout-2026-06-21T20-48-48-019eeb83-79ec-71a2-83ba-f3fefe9e0844.jsonl:169	train.py
059_20260621T192653_line159.patch	2026-06-21T19:26:53.712000+00:00	rollout-2026-06-21T20-48-48-019eeb83-79ec-71a2-83ba-f3fefe9e0844.jsonl:159	biomechanics_env.py
060_20260621T192613_line142.patch	2026-06-21T19:26:13.707000+00:00	rollout-2026-06-21T20-48-48-019eeb83-79ec-71a2-83ba-f3fefe9e0844.jsonl:142	biomechanics_env.py
061_20260621T152758_line1202.patch	2026-06-21T15:27:58.806000+00:00	rollout-2026-06-20T22-35-02-019ee6be-6482-73e1-8c8d-2e01d594219c.jsonl:1202	evaluate.py
062_20260621T152745_line1195.patch	2026-06-21T15:27:45.002000+00:00	rollout-2026-06-20T22-35-02-019ee6be-6482-73e1-8c8d-2e01d594219c.jsonl:1195	biomechanics_env.py
063_20260621T144328_line1092.patch	2026-06-21T14:43:28.489000+00:00	rollout-2026-06-20T22-35-02-019ee6be-6482-73e1-8c8d-2e01d594219c.jsonl:1092	biomechanics_env.py
064_20260621T143628_line1073.patch	2026-06-21T14:36:28.207000+00:00	rollout-2026-06-20T22-35-02-019ee6be-6482-73e1-8c8d-2e01d594219c.jsonl:1073	biomechanics_env.py
065_20260621T140811_line1030.patch	2026-06-21T14:08:11.066000+00:00	rollout-2026-06-20T22-35-02-019ee6be-6482-73e1-8c8d-2e01d594219c.jsonl:1030	reference_sanity.py
066_20260621T140757_line1023.patch	2026-06-21T14:07:57.318000+00:00	rollout-2026-06-20T22-35-02-019ee6be-6482-73e1-8c8d-2e01d594219c.jsonl:1023	evaluate.py
067_20260621T140732_line1012.patch	2026-06-21T14:07:32.810000+00:00	rollout-2026-06-20T22-35-02-019ee6be-6482-73e1-8c8d-2e01d594219c.jsonl:1012	train.py
068_20260621T140727_line1008.patch	2026-06-21T14:07:27.335000+00:00	rollout-2026-06-20T22-35-02-019ee6be-6482-73e1-8c8d-2e01d594219c.jsonl:1008	train.py
069_20260621T140717_line1003.patch	2026-06-21T14:07:17.696000+00:00	rollout-2026-06-20T22-35-02-019ee6be-6482-73e1-8c8d-2e01d594219c.jsonl:1003	train.py
070_20260621T140711_line999.patch	2026-06-21T14:07:11.727000+00:00	rollout-2026-06-20T22-35-02-019ee6be-6482-73e1-8c8d-2e01d594219c.jsonl:999	train.py
071_20260621T140704_line993.patch	2026-06-21T14:07:04.002000+00:00	rollout-2026-06-20T22-35-02-019ee6be-6482-73e1-8c8d-2e01d594219c.jsonl:993	train.py
072_20260621T140558_line960.patch	2026-06-21T14:05:58.808000+00:00	rollout-2026-06-20T22-35-02-019ee6be-6482-73e1-8c8d-2e01d594219c.jsonl:960	config.py
073_20260621T140551_line953.patch	2026-06-21T14:05:51.266000+00:00	rollout-2026-06-20T22-35-02-019ee6be-6482-73e1-8c8d-2e01d594219c.jsonl:953	biomechanics_env.py
074_20260621T140542_line946.patch	2026-06-21T14:05:42.010000+00:00	rollout-2026-06-20T22-35-02-019ee6be-6482-73e1-8c8d-2e01d594219c.jsonl:946	biomechanics_env.py
075_20260621T140518_line939.patch	2026-06-21T14:05:18.586000+00:00	rollout-2026-06-20T22-35-02-019ee6be-6482-73e1-8c8d-2e01d594219c.jsonl:939	biomechanics_env.py
076_20260621T140440_line932.patch	2026-06-21T14:04:40.688000+00:00	rollout-2026-06-20T22-35-02-019ee6be-6482-73e1-8c8d-2e01d594219c.jsonl:932	biomechanics_env.py
077_20260621T140414_line925.patch	2026-06-21T14:04:14.069000+00:00	rollout-2026-06-20T22-35-02-019ee6be-6482-73e1-8c8d-2e01d594219c.jsonl:925	bvh_reference.py
078_20260621T134725_line810.patch	2026-06-21T13:47:25.910000+00:00	rollout-2026-06-20T22-35-02-019ee6be-6482-73e1-8c8d-2e01d594219c.jsonl:810	train.py
079_20260621T134720_line805.patch	2026-06-21T13:47:20.888000+00:00	rollout-2026-06-20T22-35-02-019ee6be-6482-73e1-8c8d-2e01d594219c.jsonl:805	biomechanics_env.py
