run_name,timestamp,step,reward,episode_length,tracking,progress,cmd_norm,torso_up,head_up,height,foot_slip,swing_drag,gait,done,swing_clear,clear_deficit,var_pose,ref_gait,ref_vel,contact_force,done_low,done_tip,done_nan,ref_foot,ref_root
biomechanics_noerfi_nodr_accurate_ppo_BiomechanicsHumanJoystickStandard_20260615_1300_70m_seed7_running,2026-06-15 13:02:41.537,0,110.1584243774414,,,,,,,,,,,,,,,,,,,,,,
biomechanics_noerfi_nodr_accurate_ppo_BiomechanicsHumanJoystickStandard_20260615_1300_70m_seed7_running,2026-06-15 13:27:06.952,2457600,269.98382568359375,,,,,,,,,,,,,,,,,,,,,,
biomechanics_noerfi_nodr_accurate_ppo_BiomechanicsHumanJoystickStandard_20260615_1300_70m_seed7_running,2026-06-15 13:59:08.980,4915200,281.508056640625,,,,,,,,,,,,,,,,,,,,,,
biomechanics_noerfi_nodr_accurate_ppo_BiomechanicsHumanJoystickStandard_20260615_1300_70m_seed7_running,2026-06-15 14:28:08.255,7372800,258.8435363769531,,,,,,,,,,,,,,,,,,,,,,
biomechanics_noerfi_nodr_accurate_ppo_BiomechanicsHumanJoystickStandard_20260615_1300_70m_seed7_running,2026-06-15 14:59:08.254,9830400,306.10650634765625,,,,,,,,,,,,,,,,,,,,,,
biomechanics_noerfi_nodr_accurate_ppo_BiomechanicsHumanJoystickStandard_20260615_1300_70m_seed7_running,2026-06-15 15:29:57.424,12288000,294.7208557128906,,,,,,,,,,,,,,,,,,,,,,
biomechanics_noerfi_nodr_accurate_ppo_BiomechanicsHumanJoystickStandard_20260615_1300_70m_seed7_running,2026-06-15 16:00:36.379,14745600,379.65093994140625,,,,,,,,,,,,,,,,,,,,,,
biomechanics_noerfi_nodr_accurate_ppo_BiomechanicsHumanJoystickStandard_20260615_1300_70m_seed7_running,2026-06-15 16:27:32.143,17203200,351.46612548828125,,,,,,,,,,,,,,,,,,,,,,
biomechanics_noerfi_nodr_accurate_ppo_BiomechanicsHumanJoystickStandard_20260615_1300_70m_seed7_running,2026-06-15 16:45:36.045,19660800,388.456298828125,,,,,,,,,,,,,,,,,,,,,,
biomechanics_noerfi_nodr_accurate_ppo_BiomechanicsHumanJoystickStandard_20260615_1300_70m_seed7_running,2026-06-15 17:06:42.710,22118400,453.61663818359375,,,,,,,,,,,,,,,,,,,,,,
biomechanics_noerfi_nodr_accurate_ppo_BiomechanicsHumanJoystickStandard_20260615_1300_70m_seed7_running,2026-06-15 17:28:40.678,24576000,407.3358154296875,,,,,,,,,,,,,,,,,,,,,,
biomechanics_noerfi_nodr_accurate_ppo_BiomechanicsHumanJoystickStandard_20260615_1300_70m_seed7_running,2026-06-15 17:50:57.579,27033600,401.89508056640625,,,,,,,,,,,,,,,,,,,,,,
biomechanics_noerfi_nodr_accurate_ppo_BiomechanicsHumanJoystickStandard_20260615_1300_70m_seed7_running,2026-06-15 18:12:49.701,29491200,454.21826171875,,,,,,,,,,,,,,,,,,,,,,
biomechanics_noerfi_nodr_accurate_ppo_BiomechanicsHumanJoystickStandard_20260615_1300_70m_seed7_running,2026-06-15 18:32:17.478,31948800,554.8999633789062,,,,,,,,,,,,,,,,,,,,,,
biomechanics_noerfi_nodr_accurate_ppo_BiomechanicsHumanJoystickStandard_20260615_1300_70m_seed7_running,2026-06-15 18:55:03.485,34406400,463.6965026855469,,,,,,,,,,,,,,,,,,,,,,
biomechanics_noerfi_nodr_accurate_ppo_BiomechanicsHumanJoystickStandard_20260615_1300_70m_seed7_running,2026-06-15 19:17:41.231,36864000,591.8512573242188,,,,,,,,,,,,,,,,,,,,,,
biomechanics_noerfi_nodr_accurate_ppo_BiomechanicsHumanJoystickStandard_20260615_1300_70m_seed7_running,2026-06-15 19:41:39.181,39321600,535.492919921875,,,,,,,,,,,,,,,,,,,,,,
biomechanics_noerfi_nodr_accurate_ppo_BiomechanicsHumanJoystickStandard_20260615_1300_70m_seed7_running,2026-06-15 20:05:57.374,41779200,481.0397644042969,,,,,,,,,,,,,,,,,,,,,,
biomechanics_noerfi_nodr_accurate_ppo_BiomechanicsHumanJoystickStandard_20260615_1300_70m_seed7_running,2026-06-15 20:27:24.156,44236800,506.59869384765625,,,,,,,,,,,,,,,,,,,,,,
biomechanics_noerfi_nodr_accurate_ppo_BiomechanicsHumanJoystickStandard_20260615_1300_70m_seed7_running,2026-06-15 20:48:43.039,46694400,635.1439819335938,,,,,,,,,,,,,,,,,,,,,,
biomechanics_noerfi_nodr_accurate_ppo_BiomechanicsHumanJoystickStandard_20260615_1300_70m_seed7_running,2026-06-15 21:09:25.831,49152000,597.17822265625,,,,,,,,,,,,,,,,,,,,,,
biomechanics_noerfi_nodr_accurate_ppo_BiomechanicsHumanJoystickStandard_20260615_1300_70m_seed7_running,2026-06-15 21:30:51.111,51609600,511.36260986328125,,,,,,,,,,,,,,,,,,,,,,
biomechanics_noerfi_nodr_accurate_ppo_BiomechanicsHumanJoystickStandard_20260615_1300_70m_seed7_running,2026-06-15 21:57:59.886,54067200,497.2892761230469,,,,,,,,,,,,,,,,,,,,,,
biomechanics_noerfi_nodr_accurate_ppo_BiomechanicsHumanJoystickStandard_20260615_1300_70m_seed7_running,2026-06-15 22:24:04.569,56524800,559.3824462890625,,,,,,,,,,,,,,,,,,,,,,
biomechanics_noerfi_nodr_accurate_ppo_BiomechanicsHumanJoystickStandard_20260615_1300_70m_seed7_running,2026-06-15 22:45:40.888,58982400,464.55145263671875,,,,,,,,,,,,,,,,,,,,,,
biomechanics_noerfi_nodr_accurate_ppo_BiomechanicsHumanJoystickStandard_20260615_1300_70m_seed7_running,2026-06-15 23:06:23.095,61440000,582.92333984375,,,,,,,,,,,,,,,,,,,,,,
biomechanics_noerfi_nodr_accurate_ppo_BiomechanicsHumanJoystickStandard_20260616_0006_50m_seed7_rew_654p7552_best_654p7552_s,2026-06-16 00:09:29.716,0,555.2944946289062,248.6875,220.466,145.187,107.436,219.252,205.639,347.987,187.96,170.938,79.688,0.781,,,,,,,,,,,
biomechanics_noerfi_nodr_accurate_ppo_BiomechanicsHumanJoystickStandard_20260616_0006_50m_seed7_rew_654p7552_best_654p7552_s,2026-06-16 00:32:15.185,2703360,485.90252685546875,210.59375,186.896,141.428,99.876,190.869,181.573,295.057,172.261,161.188,74.367,0.812,,,,,,,,,,,
biomechanics_noerfi_nodr_accurate_ppo_BiomechanicsHumanJoystickStandard_20260616_0006_50m_seed7_rew_654p7552_best_654p7552_s,2026-06-16 00:52:01.149,5406720,517.4105224609375,226.71875,200.556,142.245,115.766,199.414,186.803,314.401,186.044,160.625,82.582,0.844,,,,,,,,,,,
biomechanics_noerfi_nodr_accurate_ppo_BiomechanicsHumanJoystickStandard_20260616_0006_50m_seed7_rew_654p7552_best_654p7552_s,2026-06-16 01:09:48.913,8110080,483.1022033691406,212.84375,186.046,140.965,113.946,184.586,171.943,294.018,183.748,161.75,80.384,0.875,,,,,,,,,,,
biomechanics_noerfi_nodr_accurate_ppo_BiomechanicsHumanJoystickStandard_20260616_0006_50m_seed7_rew_654p7552_best_654p7552_s,2026-06-16 01:26:21.568,10813440,545.5662841796875,231.9375,204.067,172.909,132.439,198.854,183.902,318.475,224.296,194.812,100.167,0.906,,,,,,,,,,,
biomechanics_noerfi_nodr_accurate_ppo_BiomechanicsHumanJoystickStandard_20260616_0006_50m_seed7_rew_654p7552_best_654p7552_s,2026-06-16 01:43:59.089,13516800,493.3989562988281,221.375,196.331,121.302,109.117,197.754,187.197,309.82,168.851,136.344,74.341,0.844,,,,,,,,,,,
biomechanics_noerfi_nodr_accurate_ppo_BiomechanicsHumanJoystickStandard_20260616_0006_50m_seed7_rew_654p7552_best_654p7552_s,2026-06-16 02:02:38.576,16220160,577.4976196289062,250.0,218.795,173.069,154.075,220.216,206.512,346.963,257.57,200.031,101.99,0.812,,,,,,,,,,,
biomechanics_noerfi_nodr_accurate_ppo_BiomechanicsHumanJoystickStandard_20260616_0006_50m_seed7_rew_654p7552_best_654p7552_s,2026-06-16 02:20:55.191,18923520,508.61639404296875,222.125,198.255,138.699,115.951,195.802,183.54,308.416,186.557,152.312,83.541,0.875,,,,,,,,,,,
biomechanics_noerfi_nodr_accurate_ppo_BiomechanicsHumanJoystickStandard_20260616_0006_50m_seed7_rew_654p7552_best_654p7552_s,2026-06-16 02:39:01.702,21626880,508.2083435058594,218.84375,194.034,149.81,123.338,190.236,176.838,301.171,190.225,166.5,89.172,0.906,,,,,,,,,,,
biomechanics_noerfi_nodr_accurate_ppo_BiomechanicsHumanJoystickStandard_20260616_0006_50m_seed7_rew_654p7552_best_654p7552_s,2026-06-16 02:57:16.401,24330240,555.0889892578125,246.0625,223.768,134.225,108.972,216.647,203.787,342.662,163.296,150.875,78.279,0.812,,,,,,,,,,,
biomechanics_noerfi_nodr_accurate_ppo_BiomechanicsHumanJoystickStandard_20260616_0006_50m_seed7_rew_654p7552_best_654p7552_s,2026-06-16 03:15:25.550,27033600,452.4719543457031,197.5625,172.34,129.697,111.684,178.502,169.685,275.909,177.606,143.125,77.906,0.875,,,,,,,,,,,
biomechanics_noerfi_nodr_accurate_ppo_BiomechanicsHumanJoystickStandard_20260616_0006_50m_seed7_rew_654p7552_best_654p7552_s,2026-06-16 03:33:19.256,29736960,514.102783203125,227.9375,199.624,138.28,119.891,204.462,193.675,317.347,189.417,159.094,82.923,0.875,,,,,,,,,,,
biomechanics_noerfi_nodr_accurate_ppo_BiomechanicsHumanJoystickStandard_20260616_0006_50m_seed7_rew_654p7552_best_654p7552_s,2026-06-16 03:51:10.131,32440320,526.48095703125,225.34375,203.759,144.881,120.96,200.916,189.628,313.21,186.468,159.312,87.006,0.812,,,,,,,,,,,
biomechanics_noerfi_nodr_accurate_ppo_BiomechanicsHumanJoystickStandard_20260616_0006_50m_seed7_rew_654p7552_best_654p7552_s,2026-06-16 04:08:36.188,35143680,615.06298828125,262.375,231.257,185.049,143.108,230.013,214.477,361.453,243.251,207.562,112.794,0.844,,,,,,,,,,,
biomechanics_noerfi_nodr_accurate_ppo_BiomechanicsHumanJoystickStandard_20260616_0006_50m_seed7_rew_654p7552_best_654p7552_s,2026-06-16 04:26:01.541,37847040,537.0689697265625,235.6875,207.331,147.458,133.941,212.179,201.324,328.219,219.528,167.25,91.506,0.812,,,,,,,,,,,
biomechanics_noerfi_nodr_accurate_ppo_BiomechanicsHumanJoystickStandard_20260616_0006_50m_seed7_rew_654p7552_best_654p7552_s,2026-06-16 04:44:20.397,40550400,648.496337890625,274.375,247.164,187.654,156.157,243.329,228.975,382.477,283.24,207.125,112.886,0.812,,,,,,,,,,,
biomechanics_noerfi_nodr_accurate_ppo_BiomechanicsHumanJoystickStandard_20260616_0006_50m_seed7_rew_654p7552_best_654p7552_s,2026-06-16 05:02:00.310,43253760,592.5712890625,262.25,236.568,144.155,111.831,234.842,221.509,364.754,176.637,159.531,86.516,0.812,,,,,,,,,,,
biomechanics_noerfi_nodr_accurate_ppo_BiomechanicsHumanJoystickStandard_20260616_0006_50m_seed7_rew_654p7552_best_654p7552_s,2026-06-16 05:19:31.558,45957120,560.2203369140625,256.625,235.938,101.093,83.725,238.081,229.521,365.243,140.208,110.125,61.849,0.719,,,,,,,,,,,
biomechanics_noerfi_nodr_accurate_ppo_BiomechanicsHumanJoystickStandard_20260616_0006_50m_seed7_rew_654p7552_best_654p7552_s,2026-06-16 05:37:11.410,48660480,573.383056640625,245.375,222.302,148.76,107.343,222.496,212.124,346.043,184.481,161.938,86.861,0.781,,,,,,,,,,,
biomechanics_noerfi_nodr_accurate_ppo_BiomechanicsHumanJoystickStandard_20260616_0006_50m_seed7_rew_654p7552_best_654p7552_s,2026-06-16 05:54:15.809,51363840,654.7552490234375,278.28125,252.446,172.316,136.952,254.617,243.266,391.377,233.203,191.969,102.132,0.688,,,,,,,,,,,
biomechanics_noerfi_nodr_forward_ref_bvh_v10_18350_resume_forward_accurate_ppo_BiomechanicsHumanJoystickStandard_20260621_0254_80m_seed7_running,2026-06-21 02:56:48.139,0,88.49391174316406,113.3125,93.94,78.408,28.758,107.905,104.999,161.987,24.176,74.938,85.08,1.0,4.165,58.51,27.652,47.217,22.152,0.0,1.0,0.0,0.0,,
biomechanics_noerfi_nodr_forward_ref_bvh_v10_18350_resume_forward_accurate_ppo_BiomechanicsHumanJoystickStandard_20260621_0254_80m_seed7_running,2026-06-21 03:28:00.762,3358720,112.35910034179688,121.5,104.35,88.679,28.175,116.1,113.129,173.759,18.6,80.812,90.308,1.0,4.496,62.662,24.99,48.784,26.27,0.0,1.0,0.0,0.0,,
biomechanics_noerfi_nodr_forward_ref_bvh_v10_18350_resume_forward_accurate_ppo_BiomechanicsHumanJoystickStandard_20260621_0254_80m_seed7_running,2026-06-21 04:10:50.745,6717440,91.6103515625,113.375,96.255,81.585,28.001,108.247,105.527,161.922,20.021,74.812,83.13,1.0,4.0,59.537,25.744,48.059,22.839,0.0,1.0,0.0,0.0,,
biomechanics_noerfi_nodr_forward_ref_bvh_v10_18350_resume_forward_accurate_ppo_BiomechanicsHumanJoystickStandard_20260621_0254_80m_seed7_running,2026-06-21 04:56:53.687,10076160,144.03143310546875,126.75,108.75,92.32,29.9,121.074,117.804,182.118,21.895,75.125,102.36,1.0,5.414,56.987,25.974,51.633,26.232,0.0,1.0,0.0,0.0,,
biomechanics_noerfi_nodr_forward_ref_bvh_v10_18350_resume_forward_accurate_ppo_BiomechanicsHumanJoystickStandard_20260621_0254_80m_seed7_running,2026-06-21 05:42:15.175,13434880,164.44058227539062,132.0625,114.619,93.954,32.707,125.447,121.6,189.28,20.326,76.062,107.32,1.0,6.082,59.159,27.546,55.975,27.506,0.0,1.0,0.0,0.0,,
biomechanics_noerfi_nodr_forward_ref_bvh_v10_18350_resume_forward_accurate_ppo_BiomechanicsHumanJoystickStandard_20260621_0254_80m_seed7_running,2026-06-21 06:28:54.205,16793600,139.91094970703125,122.25,105.62,90.849,30.056,116.226,112.818,175.123,19.273,70.688,97.732,1.0,5.163,60.832,26.345,51.897,26.6,0.0,1.0,0.0,0.0,,
biomechanics_noerfi_nodr_forward_ref_bvh_v10_18350_resume_forward_accurate_ppo_BiomechanicsHumanJoystickStandard_20260621_0254_80m_seed7_running,2026-06-21 07:15:42.151,20152320,174.10726928710938,137.125,114.374,87.85,37.294,128.706,123.794,196.259,23.552,73.188,117.202,1.0,6.835,59.465,32.973,54.295,28.836,0.0,1.0,0.0,0.0,,
biomechanics_noerfi_nodr_forward_ref_bvh_v10_18350_resume_forward_accurate_ppo_BiomechanicsHumanJoystickStandard_20260621_0254_80m_seed7_running,2026-06-21 08:02:37.477,23511040,189.17556762695312,136.9375,117.414,97.463,34.398,128.643,123.78,196.38,18.258,72.562,117.51,1.0,6.713,57.876,29.354,55.388,29.984,0.0,1.0,0.0,0.0,,
biomechanics_noerfi_nodr_forward_ref_bvh_v10_18350_resume_forward_accurate_ppo_BiomechanicsHumanJoystickStandard_20260621_0254_80m_seed7_running,2026-06-21 08:45:19.069,26869760,150.19906616210938,122.8125,101.519,82.438,33.297,115.308,110.921,175.58,20.633,62.125,105.639,1.0,5.957,51.685,29.759,47.839,25.921,0.0,1.0,0.0,0.0,,
biomechanics_noerfi_nodr_forward_ref_bvh_v10_18350_resume_forward_accurate_ppo_BiomechanicsHumanJoystickStandard_20260621_0254_80m_seed7_running,2026-06-21 09:31:52.912,30228480,177.45352172851562,127.1875,107.401,85.99,32.671,117.911,112.742,181.43,25.977,57.75,115.124,1.0,6.621,48.058,28.97,49.761,24.941,0.0,1.0,0.0,0.0,,
biomechanics_noerfi_nodr_forward_ref_bvh_v10_18350_resume_forward_accurate_ppo_BiomechanicsHumanJoystickStandard_20260621_0254_80m_seed7_running,2026-06-21 10:18:46.414,33587200,226.4892578125,152.5,131.461,107.336,37.138,143.73,138.532,219.496,22.098,74.875,131.313,1.0,7.52,60.443,31.474,60.578,35.474,0.0,1.0,0.0,0.0,,
biomechanics_noerfi_nodr_forward_ref_bvh_v10_18350_resume_forward_accurate_ppo_BiomechanicsHumanJoystickStandard_20260621_0254_80m_seed7_running,2026-06-21 11:05:27.908,36945920,320.9349670410156,198.0,167.364,135.47,47.959,183.584,175.133,284.947,30.067,83.375,182.174,1.0,10.164,66.295,38.312,76.025,47.328,0.0,1.0,0.0,0.0,,
biomechanics_noerfi_nodr_forward_ref_bvh_v10_18350_resume_forward_accurate_ppo_BiomechanicsHumanJoystickStandard_20260621_0254_80m_seed7_running,2026-06-21 11:51:10.554,40304640,526.7369384765625,315.125,262.536,207.723,73.559,288.417,272.114,454.322,45.167,131.5,295.62,1.0,16.594,103.456,55.199,116.05,74.15,0.0,1.0,0.0,0.0,,
biomechanics_noerfi_nodr_forward_ref_bvh_v10_18350_resume_forward_accurate_ppo_BiomechanicsHumanJoystickStandard_20260621_0254_80m_seed7_running,2026-06-21 12:36:46.427,43663360,447.20635986328125,279.125,229.266,182.701,75.759,259.964,248.201,403.615,46.066,111.438,262.596,1.0,15.52,95.595,61.685,115.919,64.806,0.0,1.0,0.0,0.0,,
biomechanics_noerfi_nodr_forward_ref_bvh_v10_18350_resume_forward_accurate_ppo_BiomechanicsHumanJoystickStandard_20260621_0254_80m_seed7_running,2026-06-21 14:51:06.837,47022080,716.2816772460938,382.6875,322.65,260.168,91.89,356.664,339.701,559.761,55.527,139.438,372.639,0.438,21.797,114.431,77.261,153.724,86.931,0.0,0.438,0.0,0.0,,
biomechanics_noerfi_nodr_forward_ref_bvh_v10_18350_resume_forward_accurate_ppo_BiomechanicsHumanJoystickStandard_20260621_0254_80m_seed7_running,2026-06-21 16:18:59.661,50380800,859.933349609375,446.125,367.387,291.895,122.046,411.258,388.743,650.892,57.903,151.812,439.403,0.438,25.964,130.441,100.351,176.463,104.623,0.0,0.438,0.0,0.0,,
biomechanics_noerfi_nodr_forward_ref_bvh_v10_18350_resume_forward_accurate_ppo_BiomechanicsHumanJoystickStandard_20260621_0254_80m_seed7_running,2026-06-21 17:25:09.074,53739520,960.2456665039062,457.5625,381.152,326.757,120.577,423.633,400.923,670.692,54.468,134.25,465.41,0.312,28.267,118.503,104.258,182.399,112.762,0.0,0.312,0.0,0.0,,
biomechanics_noerfi_nodr_forward_ref_bvh_v10_ref_root_foot_gate_accurate_ppo_BiomechanicsHumanJoystickStandard_20260621_1736_8m_seed7_rew_1162p4832_best_1162p4832_s,2026-06-21 17:46:46.212,0,841.9447021484375,404.0,335.341,287.737,100.467,375.967,357.589,591.774,48.004,132.25,395.832,0.5,23.357,118.427,84.144,160.011,101.946,0.0,0.5,0.0,0.0,30.414,368.154
biomechanics_noerfi_nodr_forward_ref_bvh_v10_ref_root_foot_gate_accurate_ppo_BiomechanicsHumanJoystickStandard_20260621_1736_8m_seed7_rew_1162p4832_best_1162p4832_s,2026-06-21 20:15:40.724,2703360,1000.3303833007812,454.125,377.726,315.651,108.011,422.732,402.032,666.163,54.078,134.312,458.902,0.25,27.597,110.576,88.921,174.407,109.221,0.0,0.25,0.0,0.0,32.249,416.779
biomechanics_noerfi_nodr_forward_ref_bvh_v10_ref_root_foot_gate_accurate_ppo_BiomechanicsHumanJoystickStandard_20260621_1736_8m_seed7_rew_1162p4832_best_1162p4832_s,2026-06-21 21:13:27.784,5406720,1087.5618896484375,480.6875,404.428,324.483,119.214,445.002,421.45,705.079,55.739,128.812,475.949,0.188,27.865,130.907,103.233,198.277,116.943,0.0,0.188,0.0,0.0,31.559,440.709
biomechanics_noerfi_nodr_forward_ref_bvh_v10_ref_root_foot_gate_accurate_ppo_BiomechanicsHumanJoystickStandard_20260621_1736_8m_seed7_rew_1162p4832_best_1162p4832_s,2026-06-21 21:49:22.154,8110080,1162.483154296875,500.0,407.194,320.995,119.628,464.088,439.809,734.696,54.238,126.125,500.884,0.0,29.321,122.102,99.698,190.592,117.798,0.0,0.0,0.0,0.0,29.06,460.232
biomechanics_noerfi_nodr_ref_bvh_v10_standard_resume3_from_29286400_100m_accurate_ppo_BiomechanicsHumanJoystickStandard_20260625_0018_100m_seed7_rew_758p4744_best_1029p5856_s,2026-06-25 00:21:27.153,0,623.609619140625,368.8125,232.21,91.57,167.18,351.566,341.775,537.461,54.708,62.875,292.188,0.5,20.182,83.422,110.59,119.365,43.334,0.0,0.5,0.0,0.0,,
biomechanics_noerfi_nodr_ref_bvh_v10_standard_resume3_from_29286400_100m_accurate_ppo_BiomechanicsHumanJoystickStandard_20260625_0018_100m_seed7_rew_758p4744_best_1029p5856_s,2026-06-25 00:52:06.138,3481600,750.761474609375,412.125,231.804,137.5,243.35,389.618,375.701,603.68,68.24,73.25,411.612,0.5,28.543,100.637,149.496,170.444,58.964,0.0,0.5,0.0,0.0,,
biomechanics_noerfi_nodr_ref_bvh_v10_standard_resume3_from_29286400_100m_accurate_ppo_BiomechanicsHumanJoystickStandard_20260625_0018_100m_seed7_rew_758p4744_best_1029p5856_s,2026-06-25 01:42:44.077,6963200,799.4320068359375,413.9375,235.185,133.825,236.071,385.877,369.612,603.746,55.701,58.438,423.543,0.375,30.596,96.502,155.713,178.222,54.402,0.0,0.375,0.0,0.0,,
biomechanics_noerfi_nodr_ref_bvh_v10_standard_resume3_from_29286400_100m_accurate_ppo_BiomechanicsHumanJoystickStandard_20260625_0018_100m_seed7_rew_758p4744_best_1029p5856_s,2026-06-25 02:36:54.645,10444800,817.19140625,427.0,248.173,124.743,227.833,402.616,388.032,624.126,66.143,57.312,401.577,0.25,28.108,84.57,142.965,161.064,54.495,0.0,0.25,0.0,0.0,,
biomechanics_noerfi_nodr_ref_bvh_v10_standard_resume3_from_29286400_100m_accurate_ppo_BiomechanicsHumanJoystickStandard_20260625_0018_100m_seed7_rew_758p4744_best_1029p5856_s,2026-06-25 03:32:00.531,13926400,697.796875,390.6875,232.517,148.626,195.171,361.382,343.496,570.743,69.471,75.375,409.392,0.312,26.998,95.225,129.36,190.633,58.954,0.0,0.312,0.0,0.0,,
biomechanics_noerfi_nodr_ref_bvh_v10_standard_resume3_from_29286400_100m_accurate_ppo_BiomechanicsHumanJoystickStandard_20260625_0018_100m_seed7_rew_758p4744_best_1029p5856_s,2026-06-25 04:26:41.583,17408000,830.0778198242188,449.3125,274.739,118.022,225.451,427.339,414.627,654.835,58.261,66.312,386.133,0.25,26.609,102.081,148.349,171.734,52.392,0.0,0.25,0.0,0.0,,
biomechanics_noerfi_nodr_ref_bvh_v10_standard_resume3_from_29286400_100m_accurate_ppo_BiomechanicsHumanJoystickStandard_20260625_0018_100m_seed7_rew_758p4744_best_1029p5856_s,2026-06-25 05:21:24.247,20889600,670.17236328125,399.9375,174.395,106.782,263.166,373.347,358.68,584.154,77.894,61.688,424.252,0.5,30.007,102.854,131.705,179.318,56.869,0.0,0.5,0.0,0.0,,
biomechanics_noerfi_nodr_ref_bvh_v10_standard_resume3_from_29286400_100m_accurate_ppo_BiomechanicsHumanJoystickStandard_20260625_0018_100m_seed7_rew_758p4744_best_1029p5856_s,2026-06-25 06:16:14.765,24371200,726.373291015625,412.375,217.557,106.02,237.634,373.93,351.507,595.037,73.414,57.0,398.999,0.5,27.318,81.345,114.239,170.706,51.483,0.0,0.5,0.0,0.0,,
biomechanics_noerfi_nodr_ref_bvh_v10_standard_resume3_from_29286400_100m_accurate_ppo_BiomechanicsHumanJoystickStandard_20260625_0018_100m_seed7_rew_758p4744_best_1029p5856_s,2026-06-25 06:47:09.100,27852800,861.177001953125,444.625,231.584,129.677,267.66,415.159,398.247,648.954,74.585,61.312,458.275,0.25,31.649,105.598,155.019,191.435,59.576,0.0,0.25,0.0,0.0,,
biomechanics_noerfi_nodr_ref_bvh_v10_standard_resume3_from_29286400_100m_accurate_ppo_BiomechanicsHumanJoystickStandard_20260625_0018_100m_seed7_rew_758p4744_best_1029p5856_s,2026-06-25 07:04:34.092,31334400,648.6192016601562,392.75,221.36,112.26,213.22,359.151,340.097,566.415,66.759,63.0,355.929,0.5,25.021,97.442,124.605,152.152,45.437,0.0,0.5,0.0,0.0,,
biomechanics_noerfi_nodr_ref_bvh_v10_standard_resume3_from_29286400_100m_accurate_ppo_BiomechanicsHumanJoystickStandard_20260625_0018_100m_seed7_rew_758p4744_best_1029p5856_s,2026-06-25 07:23:23.251,34816000,886.5469360351562,463.8125,251.932,166.848,265.333,430.717,411.136,678.558,70.655,73.562,502.692,0.25,33.242,114.274,171.064,225.948,66.626,0.0,0.25,0.0,0.0,,
biomechanics_noerfi_nodr_ref_bvh_v10_standard_resume3_from_29286400_100m_accurate_ppo_BiomechanicsHumanJoystickStandard_20260625_0018_100m_seed7_rew_758p4744_best_1029p5856_s,2026-06-25 07:43:46.308,38297600,944.3409423828125,451.5625,257.217,151.177,264.702,426.09,410.685,662.065,74.944,59.125,474.844,0.188,33.385,88.385,167.349,199.531,59.826,0.0,0.188,0.0,0.0,,
biomechanics_noerfi_nodr_ref_bvh_v10_standard_resume3_from_29286400_100m_accurate_ppo_BiomechanicsHumanJoystickStandard_20260625_0018_100m_seed7_rew_758p4744_best_1029p5856_s,2026-06-25 08:04:20.909,41779200,777.703857421875,403.6875,227.67,112.121,223.288,374.903,358.246,586.121,60.284,46.875,381.052,0.375,25.616,78.103,129.397,158.573,44.614,0.0,0.375,0.0,0.0,,
biomechanics_noerfi_nodr_ref_bvh_v10_standard_resume3_from_29286400_100m_accurate_ppo_BiomechanicsHumanJoystickStandard_20260625_0018_100m_seed7_rew_758p4744_best_1029p5856_s,2026-06-25 08:26:15.325,45260800,969.764404296875,467.5625,274.158,170.359,265.664,441.12,425.108,685.546,64.45,65.062,476.408,0.125,30.502,107.891,180.156,220.419,57.735,0.0,0.125,0.0,0.0,,
biomechanics_noerfi_nodr_ref_bvh_v10_standard_resume3_from_29286400_100m_accurate_ppo_BiomechanicsHumanJoystickStandard_20260625_0018_100m_seed7_rew_758p4744_best_1029p5856_s,2026-06-25 08:48:45.491,48742400,785.3372802734375,422.0625,213.611,126.989,278.932,397.418,383.314,614.915,76.531,61.688,429.404,0.438,29.274,100.878,150.764,187.155,48.617,0.0,0.438,0.0,0.0,,
biomechanics_noerfi_nodr_ref_bvh_v10_standard_resume3_from_29286400_100m_accurate_ppo_BiomechanicsHumanJoystickStandard_20260625_0018_100m_seed7_rew_758p4744_best_1029p5856_s,2026-06-25 09:10:18.791,52224000,696.291015625,378.5625,212.625,103.502,204.621,353.088,338.651,548.533,57.908,51.875,345.363,0.375,23.102,82.037,121.074,152.307,42.763,0.0,0.375,0.0,0.0,,
biomechanics_noerfi_nodr_ref_bvh_v10_standard_resume3_from_29286400_100m_accurate_ppo_BiomechanicsHumanJoystickStandard_20260625_0018_100m_seed7_rew_758p4744_best_1029p5856_s,2026-06-25 09:34:10.352,55705600,945.020263671875,458.0,286.127,160.688,244.598,427.441,408.827,667.554,53.157,49.375,436.382,0.25,28.49,83.565,167.569,194.787,58.141,0.0,0.25,0.0,0.0,,
biomechanics_noerfi_nodr_ref_bvh_v10_standard_resume3_from_29286400_100m_accurate_ppo_BiomechanicsHumanJoystickStandard_20260625_0018_100m_seed7_rew_758p4744_best_1029p5856_s,2026-06-25 09:57:22.558,59187200,804.320556640625,434.1875,267.632,129.211,216.378,401.683,383.138,628.741,59.315,56.312,374.552,0.5,23.474,86.981,144.98,166.815,53.236,0.0,0.5,0.0,0.0,,
biomechanics_noerfi_nodr_ref_bvh_v10_standard_resume3_from_29286400_100m_accurate_ppo_BiomechanicsHumanJoystickStandard_20260625_0018_100m_seed7_rew_758p4744_best_1029p5856_s,2026-06-25 10:20:56.086,62668800,883.5140380859375,445.0,265.818,144.481,235.237,413.657,395.35,646.299,56.003,56.625,424.877,0.25,27.427,82.104,151.166,178.629,55.414,0.0,0.25,0.0,0.0,,
biomechanics_noerfi_nodr_ref_bvh_v10_standard_resume3_from_29286400_100m_accurate_ppo_BiomechanicsHumanJoystickStandard_20260625_0018_100m_seed7_rew_758p4744_best_1029p5856_s,2026-06-25 10:43:36.506,66150400,942.2183227539062,451.9375,253.171,124.173,260.18,423.125,406.408,658.724,57.046,42.438,426.795,0.25,28.221,66.011,163.096,184.272,47.33,0.0,0.25,0.0,0.0,,
biomechanics_noerfi_nodr_ref_bvh_v10_standard_resume3_from_29286400_100m_accurate_ppo_BiomechanicsHumanJoystickStandard_20260625_0018_100m_seed7_rew_758p4744_best_1029p5856_s,2026-06-25 11:06:34.903,69632000,940.2593994140625,462.1875,268.508,148.41,274.273,433.735,417.062,673.905,62.151,56.188,440.545,0.25,27.7,91.127,172.76,189.586,55.521,0.0,0.25,0.0,0.0,,
biomechanics_noerfi_nodr_ref_bvh_v10_standard_resume3_from_29286400_100m_accurate_ppo_BiomechanicsHumanJoystickStandard_20260625_0018_100m_seed7_rew_758p4744_best_1029p5856_s,2026-06-25 11:30:32.098,73113600,687.9298095703125,423.0625,225.842,110.868,238.43,390.441,372.132,610.893,81.11,62.125,382.996,0.562,23.878,109.758,141.116,174.781,50.988,0.0,0.562,0.0,0.0,,
biomechanics_noerfi_nodr_ref_bvh_v10_standard_resume3_from_29286400_100m_accurate_ppo_BiomechanicsHumanJoystickStandard_20260625_0018_100m_seed7_rew_758p4744_best_1029p5856_s,2026-06-25 11:55:05.163,76595200,823.1253662109375,445.4375,275.309,168.168,216.712,407.219,385.322,649.068,55.326,55.125,441.671,0.25,27.884,93.164,130.169,209.724,60.161,0.0,0.25,0.0,0.0,,
biomechanics_noerfi_nodr_ref_bvh_v10_standard_resume3_from_29286400_100m_accurate_ppo_BiomechanicsHumanJoystickStandard_20260625_0018_100m_seed7_rew_758p4744_best_1029p5856_s,2026-06-25 12:21:17.967,80076800,825.701416015625,434.625,211.71,127.261,309.051,401.865,383.551,631.99,76.567,57.438,444.321,0.375,29.445,110.206,157.019,195.868,55.421,0.0,0.375,0.0,0.0,,
biomechanics_noerfi_nodr_ref_bvh_v10_standard_resume3_from_29286400_100m_accurate_ppo_BiomechanicsHumanJoystickStandard_20260625_0018_100m_seed7_rew_758p4744_best_1029p5856_s,2026-06-25 12:41:18.662,83558400,974.59765625,475.5,260.917,135.509,272.951,438.573,417.023,689.347,55.088,51.938,461.239,0.188,29.786,86.047,163.77,190.72,57.322,0.0,0.188,0.0,0.0,,
biomechanics_noerfi_nodr_ref_bvh_v10_standard_resume3_from_29286400_100m_accurate_ppo_BiomechanicsHumanJoystickStandard_20260625_0018_100m_seed7_rew_758p4744_best_1029p5856_s,2026-06-25 12:59:13.611,87040000,1029.5855712890625,476.125,246.881,178.142,318.026,446.339,429.014,697.424,69.382,55.0,534.401,0.125,36.13,98.711,178.504,224.557,56.641,0.0,0.125,0.0,0.0,,
biomechanics_noerfi_nodr_ref_bvh_v10_standard_resume3_from_29286400_100m_accurate_ppo_BiomechanicsHumanJoystickStandard_20260625_0018_100m_seed7_rew_758p4744_best_1029p5856_s,2026-06-25 13:17:21.719,90521600,888.1860961914062,455.3125,224.42,129.943,299.126,421.653,401.884,661.59,60.132,58.75,463.192,0.25,30.258,96.193,162.188,208.733,56.008,0.0,0.25,0.0,0.0,,
biomechanics_noerfi_nodr_ref_bvh_v10_standard_resume3_from_29286400_100m_accurate_ppo_BiomechanicsHumanJoystickStandard_20260625_0018_100m_seed7_rew_758p4744_best_1029p5856_s,2026-06-25 13:35:52.875,94003200,1009.655029296875,467.5,286.673,173.665,245.512,433.342,412.885,680.6,47.178,55.438,475.167,0.25,29.315,97.997,151.224,220.185,60.759,0.0,0.25,0.0,0.0,,
biomechanics_noerfi_nodr_ref_bvh_v10_standard_resume3_from_29286400_100m_accurate_ppo_BiomechanicsHumanJoystickStandard_20260625_0018_100m_seed7_rew_758p4744_best_1029p5856_s,2026-06-25 13:57:14.580,97484800,729.5280151367188,416.3125,268.124,73.509,190.655,392.118,378.433,599.801,46.103,47.25,270.128,0.312,16.708,77.486,132.139,127.706,38.792,0.0,0.312,0.062,0.0,,
biomechanics_noerfi_nodr_ref_bvh_v10_standard_resume3_from_29286400_100m_accurate_ppo_BiomechanicsHumanJoystickStandard_20260625_0018_100m_seed7_rew_758p4744_best_1029p5856_s,2026-06-25 14:20:31.907,100966400,758.474365234375,394.125,236.443,133.383,206.776,368.565,354.018,573.686,48.366,52.438,377.986,0.375,24.346,85.135,133.13,169.715,50.001,0.0,0.312,0.062,0.0,,
biomechanics_noerfi_nodr_ref_sine_trajectory_sine_accurate_ppo_BiomechanicsHumanJoystickStandard_20260616_2321_60m_seed7_rew_714p9127_best_714p9127_s,2026-06-16 23:25:33.676,0,553.9935913085938,240.90625,212.235,137.564,102.091,212.966,199.916,336.921,179.696,161.875,75.274,0.812,,,,92.736,,,,,,,
biomechanics_noerfi_nodr_ref_sine_trajectory_sine_accurate_ppo_BiomechanicsHumanJoystickStandard_20260616_2321_60m_seed7_rew_714p9127_best_714p9127_s,2026-06-16 23:41:11.475,1556480,514.543212890625,214.0625,187.194,142.832,105.132,193.329,183.651,299.582,186.594,164.156,75.336,0.844,,,,100.714,,,,,,,
biomechanics_noerfi_nodr_ref_sine_trajectory_sine_accurate_ppo_BiomechanicsHumanJoystickStandard_20260616_2321_60m_seed7_rew_714p9127_best_714p9127_s,2026-06-16 23:53:23.626,3112960,528.8958129882812,220.65625,197.087,138.379,110.379,195.228,183.481,306.815,174.38,157.25,77.079,0.844,,,,92.024,,,,,,,
biomechanics_noerfi_nodr_ref_sine_trajectory_sine_accurate_ppo_BiomechanicsHumanJoystickStandard_20260616_2321_60m_seed7_rew_714p9127_best_714p9127_s,2026-06-17 00:05:05.529,4669440,493.70709228515625,208.375,181.309,136.643,110.847,182.521,170.9,288.775,177.005,159.0,73.939,0.875,,,,94.443,,,,,,,
biomechanics_noerfi_nodr_ref_sine_trajectory_sine_accurate_ppo_BiomechanicsHumanJoystickStandard_20260616_2321_60m_seed7_rew_714p9127_best_714p9127_s,2026-06-17 00:15:50.090,6225920,589.8402099609375,240.625,209.494,176.583,136.84,208.923,194.014,332.241,236.729,204.5,99.16,0.875,,,,123.379,,,,,,,
biomechanics_noerfi_nodr_ref_sine_trajectory_sine_accurate_ppo_BiomechanicsHumanJoystickStandard_20260616_2321_60m_seed7_rew_714p9127_best_714p9127_s,2026-06-17 00:27:36.812,7782400,531.1251831054688,229.5,202.159,126.234,114.382,205.802,195.053,321.929,175.546,147.781,72.761,0.844,,,,92.013,,,,,,,
biomechanics_noerfi_nodr_ref_sine_trajectory_sine_accurate_ppo_BiomechanicsHumanJoystickStandard_20260616_2321_60m_seed7_rew_714p9127_best_714p9127_s,2026-06-17 00:38:56.815,9338880,558.4530639648438,235.375,202.871,157.721,144.989,208.553,195.971,327.461,236.834,186.281,87.781,0.875,,,,115.201,,,,,,,
biomechanics_noerfi_nodr_ref_sine_trajectory_sine_accurate_ppo_BiomechanicsHumanJoystickStandard_20260616_2321_60m_seed7_rew_714p9127_best_714p9127_s,2026-06-17 00:50:39.786,10895360,527.38525390625,226.3125,196.175,136.92,118.848,199.628,187.241,314.374,193.771,160.406,81.196,0.875,,,,95.233,,,,,,,
biomechanics_noerfi_nodr_ref_sine_trajectory_sine_accurate_ppo_BiomechanicsHumanJoystickStandard_20260616_2321_60m_seed7_rew_714p9127_best_714p9127_s,2026-06-17 01:02:22.663,12451840,530.557861328125,222.6875,193.292,148.015,126.199,194.195,180.745,307.424,205.352,170.906,87.487,0.906,,,,103.52,,,,,,,
biomechanics_noerfi_nodr_ref_sine_trajectory_sine_accurate_ppo_BiomechanicsHumanJoystickStandard_20260616_2321_60m_seed7_rew_714p9127_best_714p9127_s,2026-06-17 01:13:43.055,14008320,583.6709594726562,250.8125,226.094,134.487,111.779,220.357,207.031,350.108,164.914,158.844,75.378,0.812,,,,89.668,,,,,,,
biomechanics_noerfi_nodr_ref_sine_trajectory_sine_accurate_ppo_BiomechanicsHumanJoystickStandard_20260616_2321_60m_seed7_rew_714p9127_best_714p9127_s,2026-06-17 01:25:12.835,15564800,507.35235595703125,215.96875,183.533,138.349,127.719,191.905,180.834,300.292,208.787,165.188,82.425,0.875,,,,104.569,,,,,,,
biomechanics_noerfi_nodr_ref_sine_trajectory_sine_accurate_ppo_BiomechanicsHumanJoystickStandard_20260616_2321_60m_seed7_rew_714p9127_best_714p9127_s,2026-06-17 01:37:00.712,17121280,529.075439453125,224.78125,197.623,136.969,115.011,200.938,189.911,313.771,190.334,162.031,74.907,0.844,,,,101.399,,,,,,,
biomechanics_noerfi_nodr_ref_sine_trajectory_sine_accurate_ppo_BiomechanicsHumanJoystickStandard_20260616_2321_60m_seed7_rew_714p9127_best_714p9127_s,2026-06-17 01:48:11.188,18677760,545.1719360351562,227.59375,202.219,142.235,119.752,201.212,189.219,317.065,187.911,162.406,81.609,0.812,,,,102.136,,,,,,,
biomechanics_noerfi_nodr_ref_sine_trajectory_sine_accurate_ppo_BiomechanicsHumanJoystickStandard_20260616_2321_60m_seed7_rew_714p9127_best_714p9127_s,2026-06-17 02:02:13.321,20234240,612.8113403320312,248.125,221.16,171.747,130.078,217.038,202.376,343.503,226.799,197.812,98.216,0.781,,,,123.643,,,,,,,
biomechanics_noerfi_nodr_ref_sine_trajectory_sine_accurate_ppo_BiomechanicsHumanJoystickStandard_20260616_2321_60m_seed7_rew_714p9127_best_714p9127_s,2026-06-17 02:18:04.445,21790720,510.7776184082031,219.09375,190.307,129.94,121.114,197.604,187.814,305.811,197.561,154.25,78.057,0.844,,,,94.495,,,,,,,
biomechanics_noerfi_nodr_ref_sine_trajectory_sine_accurate_ppo_BiomechanicsHumanJoystickStandard_20260616_2321_60m_seed7_rew_714p9127_best_714p9127_s,2026-06-17 02:35:00.356,23347200,648.543701171875,266.46875,236.71,177.027,150.847,236.379,222.698,372.095,281.968,201.125,102.283,0.781,,,,129.281,,,,,,,
biomechanics_noerfi_nodr_ref_sine_trajectory_sine_accurate_ppo_BiomechanicsHumanJoystickStandard_20260616_2321_60m_seed7_rew_714p9127_best_714p9127_s,2026-06-17 02:52:45.517,24903680,607.0233154296875,256.5625,231.396,138.662,106.251,231.513,219.089,359.389,174.14,159.219,82.307,0.781,,,,100.184,,,,,,,
biomechanics_noerfi_nodr_ref_sine_trajectory_sine_accurate_ppo_BiomechanicsHumanJoystickStandard_20260616_2321_60m_seed7_rew_714p9127_best_714p9127_s,2026-06-17 03:11:20.099,26460160,560.6360473632812,251.84375,229.49,94.072,79.911,234.585,226.8,359.465,124.982,107.875,56.257,0.75,,,,69.805,,,,,,,
biomechanics_noerfi_nodr_ref_sine_trajectory_sine_accurate_ppo_BiomechanicsHumanJoystickStandard_20260616_2321_60m_seed7_rew_714p9127_best_714p9127_s,2026-06-17 03:23:18.702,28016640,607.8767700195312,250.09375,227.309,151.55,111.623,227.884,217.562,352.899,199.768,170.969,84.046,0.781,,,,110.837,,,,,,,
biomechanics_noerfi_nodr_ref_sine_trajectory_sine_accurate_ppo_BiomechanicsHumanJoystickStandard_20260616_2321_60m_seed7_rew_714p9127_best_714p9127_s,2026-06-17 03:34:40.118,29573120,685.9108276367188,281.46875,252.546,170.305,137.716,257.848,246.174,398.538,247.254,197.844,99.172,0.656,,,,127.393,,,,,,,
biomechanics_noerfi_nodr_ref_sine_trajectory_sine_accurate_ppo_BiomechanicsHumanJoystickStandard_20260616_2321_60m_seed7_rew_714p9127_best_714p9127_s,2026-06-17 03:46:05.185,31129600,709.9523315429688,284.65625,255.837,193.355,143.481,257.958,245.016,400.945,254.275,221.156,105.632,0.75,,,,142.441,,,,,,,
biomechanics_noerfi_nodr_ref_sine_trajectory_sine_accurate_ppo_BiomechanicsHumanJoystickStandard_20260616_2321_60m_seed7_rew_714p9127_best_714p9127_s,2026-06-17 03:57:44.420,32686080,550.2243041992188,236.84375,211.111,121.498,107.693,215.058,205.078,333.442,164.418,142.875,70.978,0.75,,,,89.95,,,,,,,
biomechanics_noerfi_nodr_ref_sine_trajectory_sine_accurate_ppo_BiomechanicsHumanJoystickStandard_20260616_2321_60m_seed7_rew_714p9127_best_714p9127_s,2026-06-17 04:08:41.614,34242560,532.625732421875,225.5,202.28,124.06,92.606,203.292,193.036,317.161,141.056,143.469,69.073,0.844,,,,95.771,,,,,,,
biomechanics_noerfi_nodr_ref_sine_trajectory_sine_accurate_ppo_BiomechanicsHumanJoystickStandard_20260616_2321_60m_seed7_rew_714p9127_best_714p9127_s,2026-06-17 04:19:47.745,35799040,562.12255859375,238.3125,208.761,147.005,135.49,208.54,195.213,329.9,233.848,177.219,89.723,0.812,,,,108.774,,,,,,,
biomechanics_noerfi_nodr_ref_sine_trajectory_sine_accurate_ppo_BiomechanicsHumanJoystickStandard_20260616_2321_60m_seed7_rew_714p9127_best_714p9127_s,2026-06-17 04:30:55.195,37355520,516.9163818359375,222.90625,200.411,110.79,99.872,202.766,193.336,313.591,136.79,123.969,66.332,0.812,,,,81.844,,,,,,,
biomechanics_noerfi_nodr_ref_sine_trajectory_sine_accurate_ppo_BiomechanicsHumanJoystickStandard_20260616_2321_60m_seed7_rew_714p9127_best_714p9127_s,2026-06-17 04:41:55.996,38912000,617.4939575195312,245.9375,211.442,192.753,162.697,212.852,197.838,337.0,276.896,229.188,114.813,0.875,,,,143.387,,,,,,,
biomechanics_noerfi_nodr_ref_sine_trajectory_sine_accurate_ppo_BiomechanicsHumanJoystickStandard_20260616_2321_60m_seed7_rew_714p9127_best_714p9127_s,2026-06-17 04:53:20.183,40468480,495.6681823730469,215.0,185.279,124.603,116.468,185.661,172.309,295.759,163.421,146.812,76.461,0.906,,,,92.707,,,,,,,
biomechanics_noerfi_nodr_ref_sine_trajectory_sine_accurate_ppo_BiomechanicsHumanJoystickStandard_20260616_2321_60m_seed7_rew_714p9127_best_714p9127_s,2026-06-17 05:04:42.784,42024960,697.4701538085938,276.0,246.723,197.875,149.148,238.416,220.687,381.824,234.811,221.625,113.796,0.812,,,,145.562,,,,,,,
biomechanics_noerfi_nodr_ref_sine_trajectory_sine_accurate_ppo_BiomechanicsHumanJoystickStandard_20260616_2321_60m_seed7_rew_714p9127_best_714p9127_s,2026-06-17 05:16:33.094,43581440,618.4761962890625,272.25,248.056,112.153,108.765,252.502,243.046,387.938,177.647,129.969,68.163,0.719,,,,85.955,,,,,,,
biomechanics_noerfi_nodr_ref_sine_trajectory_sine_accurate_ppo_BiomechanicsHumanJoystickStandard_20260616_2321_60m_seed7_rew_714p9127_best_714p9127_s,2026-06-17 05:28:27.385,45137920,680.3576049804688,274.875,247.978,183.576,132.273,242.643,227.659,382.664,231.082,211.312,100.826,0.75,,,,131.657,,,,,,,
biomechanics_noerfi_nodr_ref_sine_trajectory_sine_accurate_ppo_BiomechanicsHumanJoystickStandard_20260616_2321_60m_seed7_rew_714p9127_best_714p9127_s,2026-06-17 05:40:22.803,46694400,535.4583740234375,209.3125,185.622,155.343,114.138,183.833,171.962,291.155,177.694,170.469,89.721,0.844,,,,116.832,,,,,,,
biomechanics_noerfi_nodr_ref_sine_trajectory_sine_accurate_ppo_BiomechanicsHumanJoystickStandard_20260616_2321_60m_seed7_rew_714p9127_best_714p9127_s,2026-06-17 05:52:50.479,48250880,652.8995971679688,250.40625,229.344,179.982,113.487,229.937,219.496,354.286,197.494,198.562,95.316,0.688,,,,134.072,,,,,,,
biomechanics_noerfi_nodr_ref_sine_trajectory_sine_accurate_ppo_BiomechanicsHumanJoystickStandard_20260616_2321_60m_seed7_rew_714p9127_best_714p9127_s,2026-06-17 06:04:31.151,49807360,633.9324340820312,247.53125,216.119,195.001,148.886,213.989,198.03,342.408,245.482,226.312,109.96,0.875,,,,147.721,,,,,,,
biomechanics_noerfi_nodr_ref_sine_trajectory_sine_accurate_ppo_BiomechanicsHumanJoystickStandard_20260616_2321_60m_seed7_rew_714p9127_best_714p9127_s,2026-06-17 06:17:09.357,51363840,654.0078125,272.15625,243.895,160.247,125.133,243.761,230.186,381.852,198.752,187.812,93.583,0.812,,,,125.5,,,,,,,
biomechanics_noerfi_nodr_ref_sine_trajectory_sine_accurate_ppo_BiomechanicsHumanJoystickStandard_20260616_2321_60m_seed7_rew_714p9127_best_714p9127_s,2026-06-17 06:29:03.320,52920320,551.408447265625,227.25,202.213,142.919,111.808,199.767,187.4,316.072,171.132,161.094,82.893,0.844,,,,104.022,,,,,,,
biomechanics_noerfi_nodr_ref_sine_trajectory_sine_accurate_ppo_BiomechanicsHumanJoystickStandard_20260616_2321_60m_seed7_rew_714p9127_best_714p9127_s,2026-06-17 06:42:32.898,54476800,537.598388671875,216.03125,192.725,147.171,108.806,193.764,183.016,301.713,168.91,163.0,78.384,0.844,,,,107.082,,,,,,,
biomechanics_noerfi_nodr_ref_sine_trajectory_sine_accurate_ppo_BiomechanicsHumanJoystickStandard_20260616_2321_60m_seed7_rew_714p9127_best_714p9127_s,2026-06-17 06:53:56.203,56033280,668.9794921875,269.15625,241.635,177.691,143.871,242.151,229.407,376.753,227.525,201.906,102.302,0.781,,,,130.495,,,,,,,
biomechanics_noerfi_nodr_ref_sine_trajectory_sine_accurate_ppo_BiomechanicsHumanJoystickStandard_20260616_2321_60m_seed7_rew_714p9127_best_714p9127_s,2026-06-17 07:04:17.812,57589760,644.5545654296875,263.0,234.499,169.799,130.943,232.735,218.503,367.374,216.679,199.094,95.081,0.781,,,,129.903,,,,,,,
biomechanics_noerfi_nodr_ref_sine_trajectory_sine_accurate_ppo_BiomechanicsHumanJoystickStandard_20260616_2321_60m_seed7_rew_714p9127_best_714p9127_s,2026-06-17 07:14:25.837,59146240,641.0272827148438,263.09375,233.492,170.041,141.664,233.359,218.559,367.553,230.273,198.125,96.1,0.812,,,,128.757,,,,,,,
biomechanics_noerfi_nodr_ref_sine_trajectory_sine_accurate_ppo_BiomechanicsHumanJoystickStandard_20260616_2321_60m_seed7_rew_714p9127_best_714p9127_s,2026-06-17 07:24:58.561,60702720,714.9127197265625,289.1875,259.632,196.84,139.896,249.26,231.293,401.245,271.719,227.156,110.412,0.719,,,,141.145,,,,,,,
biomechanics_noerfi_nodr_stylev1_trajectory_accurate_ppo_BiomechanicsHumanJoystickStandard_20260616_2241_70m_seed7_running,2026-06-16 22:43:18.375,0,564.656494140625,250.0625,223.225,148.522,108.413,221.454,208.011,350.429,194.613,172.75,81.072,0.75,,,,,,,,,,,
biomechanics_noerfi_nodr_stylev1_trajectory_accurate_ppo_BiomechanicsHumanJoystickStandard_20260616_2241_70m_seed7_running,2026-06-16 22:55:40.590,1474560,478.4013671875,210.8125,184.017,138.133,100.16,187.809,177.603,293.082,174.63,163.5,74.937,0.844,,,,,,,,,,,
biomechanics_noerfi_nodr_stylev1_trajectory_accurate_ppo_BiomechanicsHumanJoystickStandard_20260616_2241_70m_seed7_running,2026-06-16 23:10:03.547,2949120,523.001953125,231.34375,205.463,146.297,118.814,199.938,185.823,318.77,191.321,169.156,81.273,0.844,,,,,,,,,,,
biomechanics_ref_bvh_v10_best87040_erfi_dr_180m_accurate_ppo_BiomechanicsHumanJoystickStandard_20260625_2136_180m_seed7_running,2026-06-25 21:40:19.073,0,698.8612670898438,431.75,261.973,147.342,213.345,404.435,388.363,629.448,62.872,65.812,392.817,0.312,25.776,106.873,134.9,175.795,53.368,0.0,0.312,0.0,0.0,,
biomechanics_ref_bvh_v10_best87040_erfi_dr_180m_accurate_ppo_BiomechanicsHumanJoystickStandard_20260625_2136_180m_seed7_running,2026-06-25 23:11:04.406,5324800,847.3538208007812,445.75,246.914,140.358,266.251,418.225,401.513,650.5,76.826,63.312,444.472,0.312,27.875,98.48,160.393,205.399,55.511,0.0,0.312,0.0,0.0,,
biomechanics_ref_bvh_v10_best87040_erfi_dr_180m_accurate_ppo_BiomechanicsHumanJoystickStandard_20260625_2136_180m_seed7_running,2026-06-26 00:31:11.953,10649600,864.207275390625,430.0,249.284,156.08,248.44,393.481,372.547,622.94,69.552,52.438,435.901,0.375,28.692,100.06,159.546,191.44,49.809,0.0,0.375,0.0,0.0,,
biomechanics_ref_bvh_v10_best87040_erfi_dr_180m_accurate_ppo_BiomechanicsHumanJoystickStandard_20260625_2136_180m_seed7_running,2026-06-26 02:00:18.110,15974400,700.975830078125,382.8125,214.499,98.452,210.376,349.904,331.927,551.108,56.252,47.75,347.926,0.5,22.662,74.983,129.498,149.716,42.397,0.0,0.5,0.0,0.0,,
biomechanics_ref_bvh_v10_best87040_erfi_dr_180m_accurate_ppo_BiomechanicsHumanJoystickStandard_20260625_2136_180m_seed7_running,2026-06-26 03:41:43.154,21299200,890.991455078125,437.25,275.232,167.482,212.827,395.305,370.358,632.439,60.232,56.125,438.978,0.25,27.091,90.125,132.614,208.04,54.543,0.0,0.25,0.0,0.0,,
biomechanics_ref_bvh_v10_best87040_erfi_dr_180m_accurate_ppo_BiomechanicsHumanJoystickStandard_20260625_2136_180m_seed7_running,2026-06-26 05:24:17.488,26624000,849.1331176757812,449.25,277.01,128.908,225.341,417.578,400.195,650.235,60.092,55.625,378.914,0.312,24.909,105.105,145.732,175.092,46.931,0.0,0.312,0.0,0.0,,
biomechanics_ref_bvh_v10_best87040_erfi_dr_180m_accurate_ppo_BiomechanicsHumanJoystickStandard_20260625_2136_180m_seed7_running,2026-06-26 07:09:36.687,31948800,855.8345947265625,434.625,218.216,124.144,275.874,397.293,376.336,629.598,60.8,46.438,444.707,0.375,28.813,91.177,140.606,198.765,55.415,0.0,0.375,0.0,0.0,,
biomechanics_ref_bvh_v10_best87040_erfi_dr_180m_accurate_ppo_BiomechanicsHumanJoystickStandard_20260625_2136_180m_seed7_running,2026-06-26 08:55:29.076,37273600,802.6153564453125,474.875,266.831,143.584,275.894,428.698,401.907,687.036,63.085,51.125,455.937,0.188,31.185,89.864,131.907,202.878,55.563,0.0,0.188,0.0,0.0,,
biomechanics_ref_bvh_v10_best87040_erfi_dr_180m_accurate_ppo_BiomechanicsHumanJoystickStandard_20260625_2136_180m_seed7_running,2026-06-26 10:38:20.282,42598400,744.0689697265625,428.375,234.143,139.49,266.815,388.153,365.353,619.712,60.6,40.562,447.25,0.312,32.47,78.051,134.304,191.286,52.426,0.0,0.312,0.0,0.0,,
biomechanics_ref_bvh_v10_best87040_erfi_dr_180m_accurate_ppo_BiomechanicsHumanJoystickStandard_20260625_2136_180m_seed7_running,2026-06-26 12:10:37.565,47923200,943.7682495117188,453.1875,278.734,156.046,239.091,412.589,389.842,655.877,56.712,41.688,420.454,0.312,26.374,94.884,147.689,188.281,49.796,0.0,0.312,0.0,0.0,,
biomechanics_ref_bvh_v10_best87040_erfi_dr_180m_accurate_ppo_BiomechanicsHumanJoystickStandard_20260625_2136_180m_seed7_running,2026-06-26 13:52:54.746,53248000,954.5797729492188,458.4375,256.043,184.2,271.68,414.372,389.7,664.067,60.809,54.562,498.887,0.188,31.58,92.92,149.624,228.249,65.421,0.0,0.188,0.0,0.0,,
biomechanics_ref_bvh_v10_best87040_erfi_dr_180m_accurate_ppo_BiomechanicsHumanJoystickStandard_20260625_2136_180m_seed7_running,2026-06-26 15:33:29.976,58572800,995.3299560546875,452.0625,272.341,169.33,261.232,417.644,397.87,655.965,52.825,44.188,470.286,0.25,31.394,78.861,158.586,202.938,58.12,0.0,0.25,0.0,0.0,,
biomechanics_ref_bvh_v10_best87040_erfi_dr_180m_accurate_ppo_BiomechanicsHumanJoystickStandard_20260625_2136_180m_seed7_running,2026-06-26 16:37:37.723,63897600,905.2777099609375,421.8125,248.043,130.94,239.665,382.211,360.027,608.141,47.027,38.938,403.438,0.375,26.648,89.973,132.157,167.113,48.351,0.0,0.375,0.0,0.0,,
biomechanics_ref_bvh_v10_best87040_erfi_dr_180m_accurate_ppo_BiomechanicsHumanJoystickStandard_20260625_2136_180m_seed7_running,2026-06-26 18:03:18.537,69222400,884.1319580078125,421.625,251.549,162.682,247.116,388.521,369.58,611.355,50.626,48.688,420.747,0.312,25.276,90.922,142.816,196.206,50.946,0.0,0.312,0.0,0.0,,
biomechanics_ref_bvh_v10_best87040_erfi_dr_180m_accurate_ppo_BiomechanicsHumanJoystickStandard_20260625_2136_180m_seed7_running,2026-06-26 19:14:03.371,74547200,816.3981323242188,402.5,215.728,126.171,267.991,371.693,354.919,582.03,61.329,45.562,405.641,0.562,26.566,85.426,142.21,187.153,47.116,0.0,0.562,0.0,0.0,,
biomechanics_ref_bvh_v10_best87040_erfi_dr_180m_accurate_ppo_BiomechanicsHumanJoystickStandard_20260625_2136_180m_seed7_running,2026-06-26 20:24:40.167,79872000,878.5474853515625,449.25,268.744,143.2,262.338,408.85,386.466,650.562,44.618,38.0,438.112,0.25,29.905,72.634,134.291,185.279,50.513,0.0,0.25,0.0,0.0,,
biomechanics_ref_bvh_v10_best87040_erfi_dr_180m_accurate_ppo_BiomechanicsHumanJoystickStandard_20260625_2136_180m_seed7_running,2026-06-26 21:09:12.574,85196800,1038.5615234375,466.4375,300.922,183.688,261.007,430.026,408.248,677.636,53.694,43.438,458.1,0.188,28.083,83.202,158.331,210.114,51.89,0.0,0.188,0.0,0.0,,
biomechanics_ref_bvh_v10_best87040_erfi_dr_180m_accurate_ppo_BiomechanicsHumanJoystickStandard_20260625_2136_180m_seed7_running,2026-06-26 22:14:55.001,90521600,981.7192993164062,463.375,290.092,124.372,227.979,421.44,398.04,668.511,42.482,42.188,409.699,0.312,25.366,79.215,149.907,177.469,47.552,0.0,0.312,0.0,0.0,,
biomechanics_ref_bvh_v10_best87040_erfi_dr_180m_accurate_ppo_BiomechanicsHumanJoystickStandard_20260625_2136_180m_seed7_running,2026-06-26 23:39:09.879,95846400,906.3036499023438,441.3125,266.501,139.486,232.084,402.341,380.835,635.957,52.008,43.0,420.109,0.375,26.617,73.72,137.549,174.42,49.891,0.0,0.375,0.0,0.0,,
biomechanics_ref_bvh_v10_best87040_erfi_dr_180m_accurate_ppo_BiomechanicsHumanJoystickStandard_20260625_2136_180m_seed7_running,2026-06-27 01:04:22.540,101171200,1031.827880859375,469.4375,283.596,139.73,266.11,428.284,405.374,679.507,58.497,31.438,431.03,0.25,28.43,62.251,153.115,188.14,46.919,0.0,0.25,0.062,0.0,,
biomechanics_ref_bvh_v10_best87040_erfi_dr_180m_accurate_ppo_BiomechanicsHumanJoystickStandard_20260625_2136_180m_seed7_running,2026-06-27 02:25:47.870,106496000,1076.6488037109375,479.6875,291.502,159.017,277.245,441.258,419.71,694.713,36.517,38.188,474.556,0.25,29.952,75.665,158.212,204.109,58.454,0.0,0.25,0.0,0.0,,
biomechanics_ref_bvh_v10_best87040_erfi_dr_180m_accurate_ppo_BiomechanicsHumanJoystickStandard_20260625_2136_180m_seed7_running,2026-06-27 04:07:14.874,111820800,857.0964965820312,411.5625,223.117,143.606,271.06,364.359,337.881,591.951,48.298,34.688,443.631,0.375,27.638,82.452,128.835,199.238,56.285,0.0,0.375,0.0,0.0,,
biomechanics_ref_bvh_v10_best87040_erfi_dr_180m_accurate_ppo_BiomechanicsHumanJoystickStandard_20260625_2136_180m_seed7_running,2026-06-27 05:50:59.694,117145600,886.1729736328125,435.6875,298.976,182.118,209.506,390.003,364.808,628.561,53.526,41.688,430.373,0.375,27.029,87.468,111.426,204.142,62.206,0.0,0.375,0.0,0.0,,
biomechanics_ref_bvh_v10_best87040_erfi_dr_180m_accurate_ppo_BiomechanicsHumanJoystickStandard_20260625_2136_180m_seed7_running,2026-06-27 07:34:24.633,122470400,830.1934814453125,410.5,212.775,126.576,291.5,367.78,345.073,589.79,57.54,40.562,420.292,0.562,26.97,81.413,135.993,187.529,52.101,0.0,0.562,0.0,0.0,,
biomechanics_ref_bvh_v10_best87040_erfi_dr_180m_accurate_ppo_BiomechanicsHumanJoystickStandard_20260625_2136_180m_seed7_running,2026-06-27 09:19:54.729,127795200,1118.543212890625,482.3125,302.618,166.356,272.95,429.2,399.497,692.076,46.484,33.5,480.327,0.188,30.66,63.983,145.69,198.986,59.165,0.0,0.188,0.0,0.0,,
ppo_BerkeleyHumanoidJoystickFlatTerrain_20260627_1803_50m_seed7,2026-06-27 18:07:31.000,0,0.08523895591497421,,,,,,,,,,,,,,,,,,,,,,
ppo_BerkeleyHumanoidJoystickFlatTerrain_20260627_1803_50m_seed7,2026-06-27 18:30:22.807,4915200,0.707476794719696,,,,,,,,,,,,,,,,,,,,,,
ppo_BerkeleyHumanoidJoystickFlatTerrain_20260627_1803_50m_seed7,2026-06-27 18:54:55.420,9830400,5.2826666831970215,,,,,,,,,,,,,,,,,,,,,,
ppo_BerkeleyHumanoidJoystickFlatTerrain_20260627_1803_50m_seed7,2026-06-27 19:18:28.085,14745600,8.37721061706543,,,,,,,,,,,,,,,,,,,,,,
ppo_BerkeleyHumanoidJoystickFlatTerrain_20260627_1803_50m_seed7,2026-06-27 19:40:49.190,19660800,15.642526626586914,,,,,,,,,,,,,,,,,,,,,,
ppo_BerkeleyHumanoidJoystickFlatTerrain_20260627_1803_50m_seed7,2026-06-27 20:04:11.316,24576000,17.689735412597656,,,,,,,,,,,,,,,,,,,,,,
ppo_BerkeleyHumanoidJoystickFlatTerrain_20260627_1803_50m_seed7,2026-06-27 20:25:45.295,29491200,18.54739761352539,,,,,,,,,,,,,,,,,,,,,,
ppo_BerkeleyHumanoidJoystickFlatTerrain_20260627_1803_50m_seed7,2026-06-27 20:48:10.648,34406400,19.505321502685547,,,,,,,,,,,,,,,,,,,,,,
ppo_BerkeleyHumanoidJoystickFlatTerrain_20260627_1803_50m_seed7,2026-06-27 21:11:35.550,39321600,20.426097869873047,,,,,,,,,,,,,,,,,,,,,,
ppo_BerkeleyHumanoidJoystickFlatTerrain_20260627_1803_50m_seed7,2026-06-27 21:35:12.147,44236800,20.618209838867188,,,,,,,,,,,,,,,,,,,,,,
